column,Levenshtein,Needleman-Wunch,Smith-Waterman,Jaro-Winkler,Soundex,Cosine-Similarity,TF/IDF
name,0.8214286,0.79464287,0.91071427,0.8660714,0.89285713,0.83035713,0.97321427
addr,0.7207207,0.7027027,0.8288288,0.8558559,0.5045045,0.7747748,0.8378378
city,1.0,1.0,1.0,1.0,1.0,1.0,1.0
type,0.87096775,0.9032258,0.87096775,0.87096775,0.9032258,0.87096775,0.9354839
